1001,Carin,Pappalardo,P3,CarinPappalardo9497@lntinfotech.com,8037711375,7132 South Villa Avenue Oklahoma City OK,True,False
1002,Tyrone,Keyser,P1,TyroneKeyser0296@lntinfotech.com,8484178188,800 Old Stage Road Glen Burnie MD,True,False
1003,Carol,Parikh,P4,CarolParikh5601@lntinfotech.com,8499964418,2307 East 72nd Avenue Anchorage AK,True,False
1004,Ginny,Duey,P4,GinnyDuey8397@lntinfotech.com,8517983443,26 Battery Drive Tybee Island GA,True,False
1005,Vashti,Gottfried,P3,VashtiGottfried4327@lntinfotech.com,7738421052,589 East Main Street Newport VT,True,False
1006,Lydia,Morrison,P2,LydiaMorrison2597@lntinfotech.com,8101934260,108 Chalmers Avenue Glen Burnie MD,True,False
1007,John,Oconnor,P1,JohnOconnor9789@lntinfotech.com,7061546439,116 9th Street Southeast Washington DC,True,False
1008,Phyllis,Martin,P1,PhyllisMartin3632@lntinfotech.com,9171931222,11843 North 60th Avenue Glendale AZ,True,False
1009,Jose,Norman,P1,JoseNorman7747@lntinfotech.com,8679158261,525 Merrill Lane Dracut MA,True,False
1010,Julie,Siefke,P1,JulieSiefke5352@lntinfotech.com,8426769572,632 North Pine Street Anchorage AK,True,False
1011,Michael,Kakos,P1,MichaelKakos9875@lntinfotech.com,9014905542,86 Russell Street Manchester CT,True,False
1012,Sue,Parman,P4,SueParman1847@lntinfotech.com,9167246936,7002 South Bryant Avenue Oklahoma City OK,True,False
1013,Thomas,Fields,P4,ThomasFields0063@lntinfotech.com,7885325479,5116 Emmanuel Avenue Anchorage AK,True,False
1014,Velma,Cantrell,P1,VelmaCantrell0310@lntinfotech.com,8529958332,5732 Jean Drive Union City CA,True,False
1015,Terry,Woods,P1,TerryWoods6942@lntinfotech.com,7065739380,5606 Olde Wadsworth Boulevard Arvada CO,True,False
1016,William,Mohammed,P1,WilliamMohammed6810@lntinfotech.com,8748104049,2017 North Hartford Drive Fayetteville AR,True,False
1017,Geraldine,Boyles,P4,GeraldineBoyles5677@lntinfotech.com,7755320047,15 Mystic Avenue Medford MA,True,False
1018,Scott,Nesmith,P3,ScottNesmith8375@lntinfotech.com,7661276636,6763 Depew Street Arvada CO,True,False
1019,Joseph,Johnson,P1,JosephJohnson3221@lntinfotech.com,8388420072,61 Plymouth Lane Manchester CT,True,False
1020,Dick,Moore,P1,DickMoore2262@lntinfotech.com,7576882533,119 Captain Chase Road Dennis MA,True,False
1021,Ellen,Dow,P4,EllenDow8496@lntinfotech.com,7362020537,8556 Nelson Court Arvada CO,True,False
1022,Suzette,Silva,P3,SuzetteSilva1050@lntinfotech.com,8716635024,1909 Wainwright Avenue Panama City FL,True,False
1023,Charles,Braxton,P1,CharlesBraxton5950@lntinfotech.com,7917329311,2638 East 40th Plaza Panama City FL,True,False
1024,Heath,Petty,P2,HeathPetty5489@lntinfotech.com,8841773365,6225 West Citrus Way Glendale AZ,True,False
1025,Mandy,Lopez,P1,MandyLopez9109@lntinfotech.com,9415974962,66 Pine Street Manchester CT,True,False
1026,Kenneth,Morgan,P1,KennethMorgan7981@lntinfotech.com,9260582104,74 Bradford Road Watertown MA,True,False
1027,Curtis,Driscoll,P1,CurtisDriscoll7244@lntinfotech.com,8444053209,1361 Barret Park Way Montgomery AL,True,False
1028,Joyce,Medina,P4,JoyceMedina1916@lntinfotech.com,7697600204,646 Clinton Street Montgomery AL,True,False
1029,Alexandra,Russo,P2,AlexandraRusso6721@lntinfotech.com,8460491061,43 Henderson Avenue Savannah GA,True,False
1030,Andrea,Huang,P4,AndreaHuang1691@lntinfotech.com,8355039254,243 Kentucky Avenue Pasadena MD,True,False
1031,Saul,Stein,P3,SaulStein2497@lntinfotech.com,8140669655,26 Seaman Circle Manchester CT,True,False
1032,William,Mitchell,P1,WilliamMitchell0676@lntinfotech.com,9881593699,30544 Whitmore Road Whitmore CA,True,False
1033,Thomas,Kim,P2,ThomasKim3279@lntinfotech.com,9212844903,31 Yosemite Avenue Oakland CA,True,False
1034,David,Carrol,P4,DavidCarrol5818@lntinfotech.com,8351888195,5472 Sunstar Common Fremont CA,True,False
1035,James,Robertson,P2,JamesRobertson3391@lntinfotech.com,8253808457,129 Grant Street Redlands CA,True,False
1036,Lisa,Holliday,P2,LisaHolliday4336@lntinfotech.com,7558157522,404 Dewey Street Woodford VT,True,False
1037,Robert,Schultz,P1,RobertSchultz5250@lntinfotech.com,9457731793,31 Mitchell Road Manchester CT,True,False
1038,Nathan,Pena,P3,NathanPena0004@lntinfotech.com,8228119965,3959 Fairlands Drive Pleasanton CA,True,False
1039,Robert,Diaz,P1,RobertDiaz9405@lntinfotech.com,7037134761,629 Debbie Drive Nashville TN,True,False
1040,Betty,Luccous,P4,BettyLuccous4041@lntinfotech.com,8168901397,403 Irwin Street Anchorage AK,True,False
1041,Enid,Claggett,P4,EnidClaggett6829@lntinfotech.com,9137893063,4709 North Willow Avenue Bethany OK,True,False
1042,Chance,Pacheco,P2,ChancePacheco3516@lntinfotech.com,7042566480,243 Orchard Road Burke VT,True,False
1043,Linda,Hooper,P3,LindaHooper2933@lntinfotech.com,7155192500,14347 Corvallis Street San Leandro CA,True,False
1044,Clifford,Herrera,P4,CliffordHerrera2317@lntinfotech.com,9765025266,7851 Snow View Drive Anchorage AK,True,False
1045,Robert,Navarro,P1,RobertNavarro7029@lntinfotech.com,9782790026,8673 Burkitt Place Drive Nolensville TN,True,False
1046,Julie,Prince,P2,JuliePrince2085@lntinfotech.com,7921503290,8 Corona Street VT,True,False
1047,John,Vosmus,P4,JohnVosmus7878@lntinfotech.com,7813109019,195 Nursery Street Springfield MA,True,False
1048,Ulysses,Brewer,P1,UlyssesBrewer8385@lntinfotech.com,9134345661,627 Emerson Street Northwest Washington DC,True,False
1049,Mary,Noah,P4,MaryNoah7453@lntinfotech.com,8192055881,25721 Berryhill Road Anchorage AK,True,False
1050,Lavonda,Albers,P1,LavondaAlbers8998@lntinfotech.com,8283055734,1157 1st Street Northwest Washington DC,True,False
1051,Melissa,Frazier,P2,MelissaFrazier3498@lntinfotech.com,8095462573,7607 Beulah Church Road Louisville KY,True,False
1052,Allison,Sumner,P3,AllisonSumner4280@lntinfotech.com,9237920445,7912 Depew Street Arvada CO,True,False
1053,Amelia,Halford,P1,AmeliaHalford5004@lntinfotech.com,8390258869,1528 Stafford Avenue Hayward CA,True,False
1054,Ted,Leona,P4,TedLeona3061@lntinfotech.com,9551546605,43 Howarth Avenue Attleboro MA,True,False
1055,Mary,Boyer,P2,MaryBoyer1378@lntinfotech.com,8076702986,4246 Ray Drive Montgomery AL,True,False
1056,Susan,Cantella,P1,SusanCantella0962@lntinfotech.com,9520697861,21 Hill Street Barre VT,True,False
1057,Georgina,Daniels,P4,GeorginaDaniels8880@lntinfotech.com,7402838584,319 West Silverwood Drive Midwest City OK,True,False
1058,Bryant,Zamora,P3,BryantZamora1478@lntinfotech.com,9955726525,38676 Greenwich Circle Fremont CA,True,False
1059,Wanda,Johnson,P2,WandaJohnson3826@lntinfotech.com,8202914666,227 West Montgomery Cross Road Savannah GA,True,False
1060,Catherine,Rivera,P2,CatherineRivera6024@lntinfotech.com,9016885083,8063 Regency Drive Pleasanton CA,True,False
1061,Lillian,Rushing,P3,LillianRushing0824@lntinfotech.com,8264379441,605 Main Street Watertown MA,True,False
1062,Harry,Moore,P3,HarryMoore4745@lntinfotech.com,8791562771,218 Saint Antons Way Arnold MD,True,False
1063,Chris,Coburn,P3,ChrisCoburn7085@lntinfotech.com,9147974706,13066 North 56th Avenue Glendale AZ,True,False
1064,Ronald,Jones,P3,RonaldJones2635@lntinfotech.com,8459095957,7030 Cotton Blossom Lane Montgomery AL,True,False
1065,Arthur,Eads,P2,ArthurEads3728@lntinfotech.com,9987474677,190 High Street Medford MA,True,False
1066,Alfred,Bright,P3,AlfredBright9017@lntinfotech.com,8399534500,5222 Nick Road Shady Side MD,True,False
1067,Edward,Scott,P4,EdwardScott4514@lntinfotech.com,7165493127,2927 Leatherwood Drive Nashville TN,True,False
1068,Paul,Brent,P4,PaulBrent3103@lntinfotech.com,9007349189,25538 Calaroga Avenue Hayward CA,True,False
1069,Paul,Ricker,P4,PaulRicker4890@lntinfotech.com,8431558366,3320 Peterkin Avenue Anchorage AK,True,False
1070,Sandra,Whitley,P4,SandraWhitley4034@lntinfotech.com,9872139619,3138 Banneker Drive Northeast Washington DC,True,False
1071,Heather,Huff,P2,HeatherHuff7536@lntinfotech.com,7255513210,3919 Landherr Drive Louisville KY,True,False
1072,George,Brown,P1,GeorgeBrown4795@lntinfotech.com,8579744454,7431 Gilbert Road Panama City FL,True,False
1073,Odessa,Johnson,P3,OdessaJohnson9917@lntinfotech.com,7614864576,2426 East Onyx Trail Fayetteville AR,True,False
1074,Doris,Mathis,P2,DorisMathis7700@lntinfotech.com,8714187612,8 Watkins Road VT,True,False
1075,Cynthia,Quimby,P3,CynthiaQuimby0698@lntinfotech.com,9905128036,132 Tensaw Road Montgomery AL,True,False
1076,Gary,Carter,P4,GaryCarter3013@lntinfotech.com,7547335438,7809 Highway 2302 Panama City FL,True,False
1077,Ronald,Lindemann,P2,RonaldLindemann6920@lntinfotech.com,7444288176,1309 Graniteville Road Williamstown VT,True,False
1078,Larry,Mcclellan,P4,LarryMcclellan1665@lntinfotech.com,9078094499,333 Saint Charles Avenue Fayetteville AR,True,False
1079,Donna,Hammons,P3,DonnaHammons3492@lntinfotech.com,9451047863,1653 Brooks Avenue Fayetteville AR,True,False
1080,Jon,Pflieger,P4,JonPflieger3243@lntinfotech.com,9064542850,119 Oakland Street Manchester CT,True,False
1081,Robert,Marshall,P4,RobertMarshall7527@lntinfotech.com,9253937158,552 Maynadier Lane Crownsville MD,True,False
1082,William,Romero,P4,WilliamRomero1850@lntinfotech.com,7196248091,13 Warren Avenue Somerville MA,True,False
1083,Matthew,Coronado,P4,MatthewCoronado1044@lntinfotech.com,9024279568,135 Northshore Drive Burlington VT,True,False
1084,Albert,Schilling,P3,AlbertSchilling8198@lntinfotech.com,7834564365,619 Colusa Avenue Berkeley CA,True,False
1085,Sadie,Hannah,P4,SadieHannah5947@lntinfotech.com,7846455271,408 Pine Street Bloomingdale GA,True,False
1086,Claude,Mccormick,P2,ClaudeMccormick1712@lntinfotech.com,9309719553,938 Elkridge Landing Road Linthicum Heights MD,True,False
1087,Anthony,Paradee,P4,AnthonyParadee8967@lntinfotech.com,7666743778,28 Wilfred Road Manchester CT,True,False
1088,Susan,Hooper,P2,SusanHooper1323@lntinfotech.com,9577416748,9030 Pennington PIace Montgomery AL,True,False
1089,Jeffrey,Pagani,P4,JeffreyPagani9908@lntinfotech.com,8960852765,833 South Brownell Road Williston VT,True,False
1090,Belinda,Kirkland,P4,BelindaKirkland5231@lntinfotech.com,8833258886,3600 Pennsylvania Avenue Fremont CA,True,False
1091,Preston,Garst,P1,PrestonGarst2532@lntinfotech.com,7247946061,4800 Huffman Road Anchorage AK,True,False
1092,Paul,Immediato,P1,PaulImmediato0571@lntinfotech.com,7941211364,7 River Otter Lane Savannah GA,True,False
1093,Eleanor,Allendorf,P4,EleanorAllendorf4848@lntinfotech.com,8720092916,310 Timrod Road Manchester CT,True,False
1094,Dorothy,Moniz,P2,DorothyMoniz6544@lntinfotech.com,7081854134,776 Morrill Road Danville VT,True,False
1095,Edison,Morris,P1,EdisonMorris0424@lntinfotech.com,9444615597,8569 Vermont 9 Woodford VT,True,False
1096,Frances,Young,P2,FrancesYoung4424@lntinfotech.com,8551079026,4000 Beth Manor Drive Montgomery AL,True,False
1097,Carol,Weslowski,P4,CarolWeslowski2161@lntinfotech.com,8612063741,4911 Alameda Street Panama City FL,True,False
1098,Wilson,Almazan,P3,WilsonAlmazan8426@lntinfotech.com,8870329239,7 Cloutman Street Salem MA,True,False
1099,Blanche,Harbach,P4,BlancheHarbach0203@lntinfotech.com,7072668535,1263 Evarts Street Northeast Washington DC,True,False
1100,David,Rieker,P2,DavidRieker5537@lntinfotech.com,8725786955,702 Plantation Circle Panama City FL,True,False
